{"cameraMode":{"drawMode":0,"name":"Shaded","section":"Shading Mode"},"sceneLighting":true,"audioPlay":false,"sceneViewState":{"showFog":false,"showMaterialUpdate":false,"showSkybox":false,"showFlares":false,"showImageEffects":false,"showParticleSystems":false},"in2DMode":false,"pivot":{"x":-5.707732677459717,"y":1.3995568752288819,"z":0.12136653065681458},"rotation":{"x":0.04498486965894699,"y":-0.0008973715011961758,"z":0.000040769667975837365,"w":0.9989901781082153},"size":6.9984259605407719,"orthographic":true}