{"cameraMode":{"drawMode":0,"name":"Shaded","section":"Shading Mode"},"sceneLighting":true,"audioPlay":false,"sceneViewState":{"showFog":false,"showMaterialUpdate":false,"showSkybox":true,"showFlares":false,"showImageEffects":false,"showParticleSystems":false},"in2DMode":false,"pivot":{"x":1.0004029273986817,"y":6.391075611114502,"z":-3.161313056945801},"rotation":{"x":0.12766999006271363,"y":-0.15406519174575807,"z":0.02007991634309292,"w":0.9795725345611572},"size":24.13323402404785,"orthographic":false}