{"cameraMode":{"drawMode":0,"name":"Shaded","section":"Shading Mode"},"sceneLighting":true,"audioPlay":false,"sceneViewState":{"showFog":false,"showMaterialUpdate":false,"showSkybox":true,"showFlares":false,"showImageEffects":false,"showParticleSystems":false},"in2DMode":false,"pivot":{"x":0.880000114440918,"y":0.2199999988079071,"z":-3.7100000381469728},"rotation":{"x":0.1506737470626831,"y":0.1485714167356491,"z":-0.022912602871656419,"w":0.9771038293838501},"size":3.373965263366699,"orthographic":true}