{"cameraMode":{"drawMode":0,"name":"Shaded","section":"Shading Mode"},"sceneLighting":true,"audioPlay":false,"sceneViewState":{"showFog":false,"showMaterialUpdate":false,"showSkybox":true,"showFlares":false,"showImageEffects":false,"showParticleSystems":false},"in2DMode":false,"pivot":{"x":-5.929999828338623,"y":-4.440000057220459,"z":6.46999979019165},"rotation":{"x":0.06743249297142029,"y":0.022447407245635988,"z":-0.0015204655937850476,"w":0.997483491897583},"size":6.4384050369262699,"orthographic":true}