{"cameraMode":{"drawMode":0,"name":"Shaded","section":"Shading Mode"},"sceneLighting":true,"audioPlay":false,"sceneViewState":{"showFog":false,"showMaterialUpdate":false,"showSkybox":true,"showFlares":false,"showImageEffects":false,"showParticleSystems":false},"in2DMode":false,"pivot":{"x":49.83000183105469,"y":-0.26267576217651369,"z":0.12999999523162843},"rotation":{"x":0.047977861016988757,"y":0.013484305702149868,"z":-0.000643392966594547,"w":0.9987695813179016},"size":9.488581657409668,"orthographic":true}