{"cameraMode":{"drawMode":0,"name":"Shaded","section":"Shading Mode"},"sceneLighting":true,"audioPlay":false,"sceneViewState":{"showFog":false,"showMaterialUpdate":false,"showSkybox":true,"showFlares":false,"showImageEffects":false,"showParticleSystems":false},"in2DMode":false,"pivot":{"x":56.67276382446289,"y":-0.262677401304245,"z":1.9560825824737549},"rotation":{"x":0.14036403596401215,"y":-0.42353835701942446,"z":0.06661293655633927,"w":0.8924577832221985},"size":6.850612640380859,"orthographic":true}