{"cameraMode":{"drawMode":0,"name":"Shaded","section":"Shading Mode"},"sceneLighting":true,"audioPlay":false,"sceneViewState":{"showFog":false,"showMaterialUpdate":false,"showSkybox":true,"showFlares":false,"showImageEffects":false,"showParticleSystems":false},"in2DMode":false,"pivot":{"x":-3.597644090652466,"y":3.568084716796875,"z":1.0324761867523194},"rotation":{"x":-0.3873427212238312,"y":-0.016043342649936677,"z":0.006740101613104343,"w":-0.9217751622200012},"size":4.24523401260376,"orthographic":false}