{"cameraMode":{"drawMode":0,"name":"Shaded","section":"Shading Mode"},"sceneLighting":false,"audioPlay":false,"sceneViewState":{"showFog":false,"showMaterialUpdate":false,"showSkybox":false,"showFlares":false,"showImageEffects":false,"showParticleSystems":false},"in2DMode":false,"pivot":{"x":-5.710000038146973,"y":1.9264554977416993,"z":0.12999999523162843},"rotation":{"x":0.04498486965894699,"y":-0.0008973715011961758,"z":0.000040769667975837365,"w":0.9989901781082153},"size":24.02454948425293,"orthographic":true}