{"cameraMode":{"drawMode":0,"name":"Shaded","section":"Shading Mode"},"sceneLighting":true,"audioPlay":false,"sceneViewState":{"showFog":false,"showMaterialUpdate":false,"showSkybox":true,"showFlares":false,"showImageEffects":false,"showParticleSystems":false},"in2DMode":false,"pivot":{"x":-0.962890625,"y":-4.5015869140625,"z":7.8544921875},"rotation":{"x":0.033580727875232699,"y":-0.6907076835632324,"z":0.03214103728532791,"w":0.7216399908065796},"size":4.445803165435791,"orthographic":true}