{"cameraMode":{"drawMode":0,"name":"Shaded","section":"Shading Mode"},"sceneLighting":false,"audioPlay":false,"sceneViewState":{"showFog":false,"showMaterialUpdate":false,"showSkybox":false,"showFlares":false,"showImageEffects":false,"showParticleSystems":false},"in2DMode":false,"pivot":{"x":1.4999998807907105,"y":3.3749914169311525,"z":1.5000019073486329},"rotation":{"x":-0.018745629116892816,"y":-0.5528197288513184,"z":-0.012441654689610005,"w":0.8330206871032715},"size":7.108911514282227,"orthographic":true}