{"cameraMode":{"drawMode":0,"name":"Shaded","section":"Shading Mode"},"sceneLighting":true,"audioPlay":false,"sceneViewState":{"showFog":false,"showMaterialUpdate":false,"showSkybox":true,"showFlares":false,"showImageEffects":false,"showParticleSystems":false},"in2DMode":false,"pivot":{"x":0.4560869336128235,"y":-3.2799999713897707,"z":6.483677387237549},"rotation":{"x":0.13760963082313538,"y":-0.14210908114910127,"z":0.019953660666942598,"w":0.9800386428833008},"size":12.34605884552002,"orthographic":true}