{"cameraMode":{"drawMode":0,"name":"Shaded","section":"Shading Mode"},"sceneLighting":true,"audioPlay":false,"sceneViewState":{"showFog":false,"showMaterialUpdate":false,"showSkybox":true,"showFlares":false,"showImageEffects":false,"showParticleSystems":false},"in2DMode":false,"pivot":{"x":54.33000183105469,"y":0.06932425498962403,"z":0.12999999523162843},"rotation":{"x":0.03415372595191002,"y":-0.3153110444545746,"z":0.011356128379702568,"w":0.948305070400238},"size":1.657273530960083,"orthographic":false}