{"cameraMode":{"drawMode":0,"name":"Shaded","section":"Shading Mode"},"sceneLighting":false,"audioPlay":false,"sceneViewState":{"showFog":true,"showMaterialUpdate":true,"showSkybox":false,"showFlares":true,"showImageEffects":true,"showParticleSystems":true},"in2DMode":false,"pivot":{"x":3.237548828125,"y":-5.0175018310546879,"z":8.2689208984375},"rotation":{"x":0.05480573698878288,"y":-0.15424329042434693,"z":0.008569377474486828,"w":0.9864764213562012},"size":1.0885536670684815,"orthographic":true}