{"cameraMode":{"drawMode":0,"name":"Shaded","section":"Shading Mode"},"sceneLighting":true,"audioPlay":false,"sceneViewState":{"showFog":false,"showMaterialUpdate":false,"showSkybox":true,"showFlares":false,"showImageEffects":false,"showParticleSystems":false},"in2DMode":false,"pivot":{"x":4.369999885559082,"y":0.35276341438293459,"z":-8.279999732971192},"rotation":{"x":0.17279371619224549,"y":-0.18929269909858704,"z":0.0338570736348629,"w":0.9660173058509827},"size":2.41648268699646,"orthographic":true}