{"cameraMode":{"drawMode":0,"name":"Shaded","section":"Shading Mode"},"sceneLighting":false,"audioPlay":false,"sceneViewState":{"showFog":true,"showMaterialUpdate":false,"showSkybox":false,"showFlares":true,"showImageEffects":true,"showParticleSystems":true},"in2DMode":false,"pivot":{"x":-120.69999694824219,"y":-21.09000015258789,"z":-0.5},"rotation":{"x":0.2564777135848999,"y":0.10644249618053436,"z":-0.028430914506316186,"w":0.9602565765380859},"size":8.371990203857422,"orthographic":true}