{"cameraMode":{"drawMode":0,"name":"Shaded","section":"Shading Mode"},"sceneLighting":false,"audioPlay":false,"sceneViewState":{"showFog":true,"showMaterialUpdate":false,"showSkybox":false,"showFlares":true,"showImageEffects":true,"showParticleSystems":true},"in2DMode":false,"pivot":{"x":3.8124501705169679,"y":-5.071549892425537,"z":8.135994911193848},"rotation":{"x":0.0007426813244819641,"y":0.9992048144340515,"z":-0.03298589214682579,"w":0.02248603105545044},"size":3.435056447982788,"orthographic":true}