{"cameraMode":{"drawMode":0,"name":"Shaded","section":"Shading Mode"},"sceneLighting":true,"audioPlay":false,"sceneViewState":{"showFog":true,"showMaterialUpdate":false,"showSkybox":true,"showFlares":true,"showImageEffects":true,"showParticleSystems":true},"in2DMode":false,"pivot":{"x":479.9223937988281,"y":14.87554931640625,"z":0.0},"rotation":{"x":0.08240673691034317,"y":0.007474624086171389,"z":-0.0006124823703430593,"w":0.9965963959693909},"size":104.85664367675781,"orthographic":true}