{"cameraMode":{"drawMode":0,"name":"Shaded","section":"Shading Mode"},"sceneLighting":false,"audioPlay":false,"sceneViewState":{"showFog":true,"showMaterialUpdate":false,"showSkybox":false,"showFlares":true,"showImageEffects":true,"showParticleSystems":true},"in2DMode":false,"pivot":{"x":-4.3976359367370609,"y":-1.9228620529174805,"z":3.5941944122314455},"rotation":{"x":0.27250903844833376,"y":0.0014434000477194787,"z":-0.00040870209340937436,"w":0.9621531963348389},"size":11.547019004821778,"orthographic":false}