{"cameraMode":{"drawMode":0,"name":"Shaded","section":"Shading Mode"},"sceneLighting":false,"audioPlay":false,"sceneViewState":{"showFog":true,"showMaterialUpdate":false,"showSkybox":false,"showFlares":true,"showImageEffects":true,"showParticleSystems":true},"in2DMode":false,"pivot":{"x":3.876315116882324,"y":-5.074743270874023,"z":8.135995864868164},"rotation":{"x":0.004459942225366831,"y":-0.13310235738754273,"z":0.0005988768534734845,"w":0.9910928606987},"size":2.7275683879852297,"orthographic":true}