{"cameraMode":{"drawMode":0,"name":"Shaded","section":"Shading Mode"},"sceneLighting":true,"audioPlay":false,"sceneViewState":{"showFog":true,"showMaterialUpdate":false,"showSkybox":true,"showFlares":true,"showImageEffects":true,"showParticleSystems":true},"in2DMode":false,"pivot":{"x":-4.683521270751953,"y":-0.7679727673530579,"z":0.12999999523162843},"rotation":{"x":0.1650792807340622,"y":-0.2698865830898285,"z":0.04702283814549446,"w":0.9474705457687378},"size":4.805593967437744,"orthographic":true}