{"cameraMode":{"drawMode":0,"name":"Shaded","section":"Shading Mode"},"sceneLighting":true,"audioPlay":false,"sceneViewState":{"showFog":true,"showMaterialUpdate":false,"showSkybox":true,"showFlares":true,"showImageEffects":true,"showParticleSystems":true},"in2DMode":false,"pivot":{"x":-1.072265625,"y":1.223175048828125,"z":0.0001220703125},"rotation":{"x":0.25781309604644778,"y":-0.04114671051502228,"z":0.010989886708557606,"w":0.9652566909790039},"size":6.545345783233643,"orthographic":true}