{"cameraMode":{"drawMode":0,"name":"Shaded","section":"Shading Mode"},"sceneLighting":true,"audioPlay":false,"sceneViewState":{"showFog":true,"showMaterialUpdate":false,"showSkybox":true,"showFlares":true,"showImageEffects":true,"showParticleSystems":true},"in2DMode":false,"pivot":{"x":3.4878835678100588,"y":0.4797285199165344,"z":-0.2862941026687622},"rotation":{"x":0.1336151361465454,"y":0.1875889003276825,"z":-0.02577098459005356,"w":0.9727876782417297},"size":1.0205767154693604,"orthographic":true}