{"cameraMode":{"drawMode":0,"name":"Shaded","section":"Shading Mode"},"sceneLighting":true,"audioPlay":false,"sceneViewState":{"showFog":true,"showMaterialUpdate":false,"showSkybox":true,"showFlares":true,"showImageEffects":true,"showParticleSystems":true},"in2DMode":false,"pivot":{"x":54.33258819580078,"y":-0.26008808612823489,"z":0.12741249799728394},"rotation":{"x":0.1316048949956894,"y":0.014869220554828644,"z":-0.0019710196647793056,"w":0.9912070631980896},"size":16.103219985961915,"orthographic":true}