{"cameraMode":{"drawMode":0,"name":"Shaded","section":"Shading Mode"},"sceneLighting":true,"audioPlay":false,"sceneViewState":{"showFog":true,"showMaterialUpdate":false,"showSkybox":true,"showFlares":true,"showImageEffects":true,"showParticleSystems":true},"in2DMode":false,"pivot":{"x":0.106170654296875,"y":2.733154296875,"z":-3.291015625},"rotation":{"x":0.2513282597064972,"y":-0.3606087863445282,"z":0.10154832154512406,"w":0.8924696445465088},"size":10.15118408203125,"orthographic":true}