{"cameraMode":{"drawMode":0,"name":"Shaded","section":"Shading Mode"},"sceneLighting":false,"audioPlay":false,"sceneViewState":{"showFog":true,"showMaterialUpdate":false,"showSkybox":false,"showFlares":true,"showImageEffects":true,"showParticleSystems":true},"in2DMode":false,"pivot":{"x":2.892479181289673,"y":-5.085054397583008,"z":8.180181503295899},"rotation":{"x":0.0435313880443573,"y":-0.5576682686805725,"z":0.029304439201951028,"w":0.8284066915512085},"size":1.4031046628952027,"orthographic":true}