{"cameraMode":{"drawMode":0,"name":"Shaded","section":"Shading Mode"},"sceneLighting":true,"audioPlay":false,"sceneViewState":{"m_AlwaysRefresh":false,"showFog":true,"showSkybox":true,"showFlares":true,"showImageEffects":true,"showParticleSystems":true,"showVisualEffectGraphs":true,"m_FxEnabled":true},"in2DMode":false,"pivot":{"x":12.218894004821778,"y":-0.39914417266845705,"z":-8.533101081848145},"rotation":{"x":0.22102893888950349,"y":-0.0730685293674469,"z":0.016615213826298715,"w":0.9724214673042297},"size":8.01987075805664,"orthographic":true}