{"cameraMode":{"drawMode":0,"name":"Shaded","section":"Shading Mode"},"sceneLighting":true,"audioPlay":false,"sceneViewState":{"m_AlwaysRefresh":false,"showFog":true,"showSkybox":true,"showFlares":true,"showImageEffects":true,"showParticleSystems":true,"showVisualEffectGraphs":true,"m_FxEnabled":true},"in2DMode":false,"pivot":{"x":3.4860000610351564,"y":0.4209999740123749,"z":-0.28600001335144045},"rotation":{"x":0.11822748184204102,"y":-0.0044696456752717499,"z":0.0005278902244754136,"w":0.9930175542831421},"size":6.4672675132751469,"orthographic":true}