{"cameraMode":{"drawMode":0,"name":"Shaded","section":"Shading Mode"},"sceneLighting":true,"audioPlay":false,"sceneViewState":{"m_AlwaysRefresh":false,"showFog":true,"showSkybox":true,"showFlares":true,"showImageEffects":true,"showParticleSystems":true,"showVisualEffectGraphs":true,"m_FxEnabled":true},"in2DMode":false,"pivot":{"x":-4.683521270751953,"y":-0.4465305209159851,"z":0.17421093583106996},"rotation":{"x":-0.0509348064661026,"y":-0.04162939637899399,"z":0.002126978477463126,"w":-0.9978447556495667},"size":0.42518311738967898,"orthographic":true}