{"cameraMode":{"drawMode":0,"name":"Shaded","section":"Shading Mode"},"sceneLighting":false,"audioPlay":false,"sceneViewState":{"m_AlwaysRefresh":false,"showFog":true,"showSkybox":false,"showFlares":true,"showImageEffects":true,"showParticleSystems":true,"showVisualEffectGraphs":true,"m_FxEnabled":true},"in2DMode":false,"pivot":{"x":-4.752509117126465,"y":1.6786448955535889,"z":0.04692560434341431},"rotation":{"x":0.025497181341052057,"y":-0.002101214835420251,"z":0.00005359275746741332,"w":0.9996728301048279},"size":1.4346638917922974,"orthographic":true}