{"cameraMode":{"drawMode":0,"name":"Shaded","section":"Shading Mode"},"sceneLighting":false,"audioPlay":false,"sceneViewState":{"m_AlwaysRefresh":false,"showFog":true,"showSkybox":false,"showFlares":true,"showImageEffects":true,"showParticleSystems":true,"showVisualEffectGraphs":true,"m_FxEnabled":true},"in2DMode":false,"pivot":{"x":-3.9261367321014406,"y":1.8072757720947266,"z":0.13499966263771058},"rotation":{"x":0.043425675481557849,"y":-0.05392521992325783,"z":0.002351234434172511,"w":0.9976419806480408},"size":2.8787946701049806,"orthographic":true}