{"cameraMode":{"drawMode":0,"name":"Shaded","section":"Shading Mode"},"sceneLighting":false,"audioPlay":false,"sceneViewState":{"m_AlwaysRefresh":false,"showFog":true,"showSkybox":false,"showFlares":true,"showImageEffects":true,"showParticleSystems":true,"showVisualEffectGraphs":true,"m_FxEnabled":true},"in2DMode":false,"pivot":{"x":-5.703286647796631,"y":1.4947106838226319,"z":0.11914357542991638},"rotation":{"x":0.02549836039543152,"y":0.007496959064155817,"z":-0.00019759398128371686,"w":0.9996880292892456},"size":0.5232207775115967,"orthographic":true}