{"cameraMode":{"drawMode":0,"name":"Shaded","section":"Shading Mode"},"sceneLighting":false,"audioPlay":false,"sceneViewState":{"m_AlwaysRefresh":false,"showFog":false,"showSkybox":false,"showFlares":false,"showImageEffects":false,"showParticleSystems":false,"showVisualEffectGraphs":true,"m_FxEnabled":true},"in2DMode":false,"pivot":{"x":-0.18981695175170899,"y":0.6895121335983276,"z":-0.0899573564529419},"rotation":{"x":0.002948934445157647,"y":0.993091881275177,"z":0.02532636746764183,"w":-0.11491565406322479},"size":1.827468752861023,"orthographic":true}