{"cameraMode":{"drawMode":0,"name":"Shaded","section":"Shading Mode"},"sceneLighting":false,"audioPlay":false,"sceneViewState":{"m_AlwaysRefresh":false,"showFog":true,"showSkybox":false,"showFlares":true,"showImageEffects":true,"showParticleSystems":true,"showVisualEffectGraphs":true,"m_FxEnabled":true},"in2DMode":false,"pivot":{"x":2.892479181289673,"y":-5.085054397583008,"z":8.180181503295899},"rotation":{"x":0.02549836039543152,"y":0.007496959064155817,"z":-0.00019759398128371686,"w":0.9996880292892456},"size":0.4643106758594513,"orthographic":true}