{"cameraMode":{"drawMode":0,"name":"Shaded","section":"Shading Mode"},"sceneLighting":false,"audioPlay":false,"sceneViewState":{"m_AlwaysRefresh":false,"showFog":true,"showSkybox":false,"showFlares":true,"showImageEffects":true,"showParticleSystems":true,"showVisualEffectGraphs":true,"m_FxEnabled":true},"in2DMode":false,"pivot":{"x":2.952146530151367,"y":-5.091304779052734,"z":8.159977912902832},"rotation":{"x":0.02549836039543152,"y":0.007496959064155817,"z":-0.00019759398128371686,"w":0.9996880292892456},"size":0.46504053473472597,"orthographic":true}